load_zone	period	LSFO	Motor_Gasoline	Motor_Diesel	Biodiesel	Diesel	Coal	Pellet-Biomass	LNG	MSW	SUN	Uranium	Battery	WND	DispatchFuelCellMW	GeneratePumpedHydro
Oahu	2020	0.0	0	0	0.0	0.0	0.0	0.0	5385.247590034931	375.1847997381561	1632.8825574743057	0.0	0.0	306.1548582153026	0.0	0.0
Oahu	2025	0.0	0	0	0.0	0.0	0.0	0.0	5636.646921732746	375.1847997381562	1734.366165646869	0.0	0.0	306.15485821472726	0.0	0.0
Oahu	2030	0.0	0	0	0.0	0.0	0.0	0.0	5037.446500268116	375.1847997381564	2676.9580088919543	0.0	0.0	306.15485821530234	0.0	0.0
Oahu	2035	0.0	0	0	0.0	0.0	75.1917796480801	0.0	5441.088227602517	375.1847997381563	2996.1803468802823	0.0	202.01635351561904	306.1548582153023	0.0	0.0
Oahu	2040	0.0	0	0	0.0	0.0	31.387473110563953	0.0	3010.423044005698	375.18479973815613	5143.398239884333	126.2222775384766	707.6822454355967	1452.7525561102652	0.0	424.8744071921842
Oahu	2045	0.0	0	0	163.01084040478165	0.0	0.0	0.0	0.0	375.1847997381729	5302.793274184337	4006.6689252055703	304.6125638043593	1469.6364073960997	181.0740310531159	477.6824059835942
